;Unnamed: 0;X0;Y0;VX0;VY0;ACCX0;ACCY0;MIDDLE_LANE_COORDS;X1;Y1;X1_real;Y1_real
0;0;0;0;14.083228361854736;0;0;0;[0, 0];20.0;0;19.78753884932982;-0.7623518347112997
1;1;1;0;14.083228361854736;0;0;0;[0.5633291344741894, 0];20.524932263242537;0;21.64742002358641;0.3541601678029672
2;2;1;0;14.083228361854736;0;0;0;[1.1266582689483788, 0];21.049864526485077;0;20.52449383746995;1.1396274454338278
3;3;1;0;14.083228361854736;0;0;0;[1.6899874034225681, 0];21.57479678972761;0;22.417730361929884;0.7583637020858209
4;4;1;0;14.083228361854736;0;0;0;[2.2533165378967577, 0];22.09972905297015;0;21.644955121115856;0.48197996911281415
5;5;1;0;14.083228361854736;0;0;0;[2.816645672370947, 0];22.624661316212688;0;22.838590364946846;0.5493212267586738
6;6;1;0;14.083228361854736;0;0;0;[3.3799748068451367, 0];23.149593579455228;0;22.796619212594134;-0.27797936350656643
7;7;1;0;14.083228361854736;0;0;0;[3.9433039413193263, 0];23.674525842697765;0;23.274000684518615;-0.5416447918130104
8;8;1;0;14.083228361854736;0;0;0;[4.506633075793515, 0];24.199458105940305;0;23.84062947670309;-1.072904525626837
9;9;1;0;14.083228361854736;0;0;0;[5.069962210267705, 0];24.72439036918284;0;25.25867536585642;2.4494299516018514
10;10;1;0;14.083228361854736;0;0;0;[5.633291344741894, 0];25.249322632425372;0;26.319043988490286;-0.49522096665630533
11;11;1;0;14.083228361854736;0;0;0;[6.196620479216084, 0];25.77425489566792;0;26.13699249934624;-0.9134637760954984
12;12;1;0;14.083228361854736;0;0;0;[6.7599496136902735, 0];26.299187158910453;0;25.681093569979367;1.0599906499021612
13;13;1;0;14.083228361854736;0;0;0;[7.323278748164463, 0];26.82411942215299;0;27.544742491707783;0.6519761284616087
14;14;1;0;14.083228361854736;0;0;0;[7.8866078826386525, 0];27.34905168539553;0;29.705399290770355;-1.1102233834075603
15;15;1;0;14.083228361854736;0;0;0;[8.449937017112841, 0];27.873983948638067;0;28.66210191458309;0.37368178698331395
16;16;1;0;14.083228361854736;0;0;0;[9.01326615158703, 0];28.398916211880604;0;28.288466839230765;1.182418084603796
17;17;1;0;14.083228361854736;0;0;0;[9.57659528606122, 0];28.92384847512314;0;28.821814234728045;1.043219876344145
18;18;1;0;14.083228361854736;0;0;0;[10.13992442053541, 0];29.44878073836568;0;30.441653830118653;-0.1811021387646659
19;19;1;0;14.083228361854736;0;0;0;[10.7032535550096, 0];29.973713001608218;0;30.815376099521963;0.30578046432612754
20;20;1;0;14.083228361854736;0;0;0;[11.266582689483789, 0];30.498645264850754;0;30.287703412112847;1.553721109677517
21;21;1;0;14.083228361854736;0;0;0;[11.829911823957978, 0];31.02357752809329;0;31.08303275805612;-0.3224817065824462
22;22;1;0;14.083228361854736;0;0;0;[12.393240958432168, 0];31.54850979133583;0;31.719967112365456;0.34178835634852867
23;23;1;0;14.083228361854736;0;0;0;[12.956570092906357, 0];32.073442054578365;0;33.04704815415457;-0.762771745237124
24;24;1;0;14.083228361854736;0;0;0;[13.519899227380547, 0];32.598374317820905;0;32.344733420939015;0.3877569386670183
25;25;1;0;14.083228361854736;0;0;0;[14.083228361854736, 0];33.123306581063446;0;32.614234037878624;-0.5905166328614985
26;26;1;0;14.083228361854736;0;0;0;[14.646557496328926, 0];33.64823884430598;0;33.85743404464956;3.126232990390472
27;27;1;0;14.083228361854736;0;0;0;[15.209886630803116, 0];34.17317110754852;0;33.777939455329445;-0.0636707247680584
28;28;1;0;14.083228361854736;0;0;0;[15.773215765277305, 0];34.69810337079106;0;35.3715507654488;0.29486129966170377
29;29;1;0;14.083228361854736;0;0;0;[16.336544899751495, 0];35.22303563403359;0;37.07228659984004;0.885766037673997
30;30;1;0;14.083228361854736;0;0;0;[16.899874034225682, 0];35.74796789727613;0;36.28858372419069;-1.3919001952478274
31;31;1;0;14.083228361854736;0;0;0;[17.46320316869987, 0];36.272900160518674;0;38.43950746666962;-2.0759521407254447
32;32;1;0;14.083228361854736;0;0;0;[18.026532303174058, 0];36.79783242376121;0;36.39610660120306;2.0139600103035207
33;33;1;0;14.083228361854736;0;0;0;[18.589861437648246, 0];37.32276468700374;0;36.272348860551375;0.5181505335518688
34;34;1;0;14.083228361854736;0;0;0;[19.153190572122433, 0];37.84769695024628;0;37.30669653622419;0.2192502480668636
35;35;1;0;14.083228361854736;0;0;0;[19.71651970659662, 0];38.37262921348882;0;38.24506821980231;-0.4590292183286113
36;36;1;0;14.083228361854736;0;0;0;[20.27984884107081, 0];38.89756147673136;0;38.03216162925833;-0.732687588039015
37;37;1;0;14.083228361854736;0;0;0;[20.843177975544997, 0];39.422493739973895;0;38.67855580419502;-0.07435090890391548
38;38;1;0;14.083228361854736;0;0;0;[21.406507110019184, 0];39.94742600321644;0;41.66762339192984;0.2777031101217129
39;39;1;0;14.083228361854736;0;0;0;[21.969836244493372, 0];40.47235826645897;0;40.11925408659673;-0.05899956219875519
40;40;1;0;14.083228361854736;0;0;0;[22.53316537896756, 0];40.99729052970151;0;42.333777174278204;0.7715876924343407
41;41;1;0;14.083228361854736;0;0;0;[23.096494513441748, 0];41.52222279294405;0;40.88664688298204;-0.15872775010140353
42;42;1;0;14.083228361854736;0;0;0;[23.659823647915935, 0];42.04715505618658;0;43.122370622188775;-0.5620646755215098
43;43;1;0;14.083228361854736;0;0;0;[24.223152782390123, 0];42.57208731942912;0;42.72752863115508;0.3577314895393561
44;44;1;0;14.083228361854736;0;0;0;[24.78648191686431, 0];43.09701958267166;0;43.94700376235258;0.35530952210194766
45;45;1;0;14.083228361854736;0;0;0;[25.3498110513385, 0];43.6219518459142;0;43.90984744653338;1.7608979008026417
46;46;1;0;14.083228361854736;0;0;0;[25.913140185812686, 0];44.14688410915674;0;45.53004371369294;0.3887453603090057
47;47;1;0;14.083228361854736;0;0;0;[26.476469320286874, 0];44.67181637239928;0;45.75873691889353;0.28692496483330715
48;48;1;0;14.083228361854736;0;0;0;[27.039798454761062, 0];45.19674863564181;0;43.28222665950387;-1.5057800483112282
49;49;1;0;14.083228361854736;0;0;0;[27.60312758923525, 0];45.72168089888434;0;45.07701870497325;0.13535694274902585
50;50;1;0;14.083228361854736;0;0;0;[28.166456723709437, 0];46.24661316212688;0;45.59897973917354;-1.1386996704147765
51;51;1;0;14.083228361854736;0;0;0;[28.729785858183625, 0];46.77154542536943;0;47.35824697120321;-1.7352130722944377
52;52;1;0;14.083228361854736;0;0;0;[29.293114992657813, 0];47.29647768861196;0;47.16345139181554;-1.0972082240276089
53;53;1;0;14.083228361854736;0;0;0;[29.856444127132, 0];47.8214099518545;0;48.157003383562675;-0.8925606349000769
54;54;1;0;14.083228361854736;0;0;0;[30.41977326160619, 0];48.34634221509704;0;47.28274913219966;1.0090010803396745
55;55;1;0;14.083228361854736;0;0;0;[30.983102396080376, 0];48.87127447833957;0;50.033712400942015;0.4416737114946661
56;56;1;0;14.083228361854736;0;0;0;[31.546431530554564, 0];49.39620674158211;0;49.18742632080338;-0.18956524965009292
57;57;1;0;14.083228361854736;0;0;0;[32.10976066502875, 0];49.92113900482465;0;50.917691885490676;0.5086488307696586
58;58;1;0;14.083228361854736;0;0;0;[32.67308979950294, 0];50.44607126806719;0;50.91700474384014;1.214909985660755
59;59;1;0;14.083228361854736;0;0;0;[33.23641893397713, 0];50.97100353130973;0;50.18215471028998;-0.5647054322084921
60;60;1;0;14.083228361854736;0;0;0;[33.799748068451315, 0];51.49593579455227;0;50.59544301790883;1.0612516170708837
61;61;1;0;14.083228361854736;0;0;0;[34.3630772029255, 0];52.0208680577948;0;50.47023290641366;-0.05786604154544839
62;62;1;0;14.083228361854736;0;0;0;[34.92640633739969, 0];52.54580032103734;0;51.35727783997665;0.37081754832578523
63;63;1;0;14.083228361854736;0;0;0;[35.48973547187388, 0];53.070732584279874;0;53.116987279428606;-0.05418417211853497
64;64;1;0;14.083228361854736;0;0;0;[36.053064606348066, 0];53.595664847522414;0;53.35096262629471;1.8225225673085041
65;65;1;0;14.083228361854736;0;0;0;[36.616393740822254, 0];54.12059711076496;0;54.44435802580019;0.30278672594665146
66;66;1;0;14.083228361854736;0;0;0;[37.17972287529644, 0];54.64552937400749;0;55.22705995847649;1.023839552390361
67;67;1;0;14.083228361854736;0;0;0;[37.74305200977063, 0];55.17046163725003;0;55.15876857883111;-2.0085389729444882
68;68;1;0;14.083228361854736;0;0;0;[38.30638114424482, 0];55.69539390049256;0;57.59590912065665;0.04819171485380527
69;69;1;0;14.083228361854736;0;0;0;[38.869710278719005, 0];56.2203261637351;0;57.72993298838534;0.38973013004361423
70;70;1;0;14.083228361854736;0;0;0;[39.43303941319319, 0];56.74525842697764;0;57.807786014677895;0.22233830824875048
71;71;1;0;14.083228361854736;0;0;0;[39.99636854766738, 0];57.270190690220176;0;54.59000063959516;1.1534071695634318
72;72;1;0;14.083228361854736;0;0;0;[40.55969768214157, 0];57.79512295346272;0;56.30226475670321;0.820792258328363
73;73;1;0;14.083228361854736;0;0;0;[41.123026816615756, 0];58.320055216705256;0;61.070469582042534;0.09085443762665166
74;74;1;0;14.083228361854736;0;0;0;[41.68635595108994, 0];58.84498747994779;0;60.41853156442432;-1.3841704418043057
75;75;1;0;14.083228361854736;0;0;0;[42.24968508556413, 0];59.36991974319033;0;59.489589962299455;-1.4576156195969536
76;76;1;0;14.083228361854736;0;0;0;[42.81301422003832, 0];59.89485200643287;0;60.16791568731381;-1.2129918707591696
77;77;1;0;14.083228361854736;0;0;0;[43.37634335451251, 0];60.41978426967541;0;59.78331274376577;-0.9277918995629767
78;78;1;0;14.083228361854736;0;0;0;[43.939672488986695, 0];60.94471653291794;0;59.27196904861933;0.16234298550520457
79;79;1;0;14.083228361854736;0;0;0;[44.50300162346088, 0];61.46964879616048;0;60.79532353087439;-1.0262909495774992
80;80;1;0;14.083228361854736;0;0;0;[45.06633075793507, 0];61.99458105940302;0;63.05281763827813;3.598310102305438
81;81;1;0;14.083228361854736;0;0;0;[45.62965989240926, 0];62.51951332264556;0;60.85365836215846;0.6017745453526692
82;82;1;0;14.083228361854736;0;0;0;[46.192989026883446, 0];63.04444558588809;0;64.07189562951669;0.5672770692708319
83;83;1;0;14.083228361854736;0;0;0;[46.75631816135763, 0];63.56937784913063;0;64.39045026335471;0.6544624457094447
84;84;1;0;14.083228361854736;0;0;0;[47.31964729583182, 0];64.09431011237317;0;63.76640726885724;-0.93018516242185
85;85;1;0;14.083228361854736;0;0;0;[47.88297643030601, 0];64.6192423756157;0;64.05803340452684;0.16826073620001725
86;86;1;0;14.083228361854736;0;0;0;[48.4463055647802, 0];65.14417463885825;0;64.29612271499433;1.4109365405949896
87;87;1;0;14.083228361854736;0;0;0;[49.009634699254384, 0];65.66910690210078;0;64.4411630475306;-2.055191345791589
88;88;1;0;14.083228361854736;0;0;0;[49.57296383372857, 0];66.19403916534333;0;65.5140107345485;0.920495926824777
89;89;1;0;14.083228361854736;0;0;0;[50.13629296820276, 0];66.71897142858586;0;67.65310473372338;0.010965959423114478
90;90;1;0;14.083228361854736;0;0;0;[50.69962210267695, 0];67.2439036918284;0;67.15853836061468;-0.035597769639090705
91;91;1;0;14.083228361854736;0;0;0;[51.262951237151135, 0];67.76883595507093;0;67.16136845541062;0.14398557495616918
92;92;1;0;14.083228361854736;0;0;0;[51.82628037162532, 0];68.29376821831347;0;67.72375394682909;-0.22962976107867542
93;93;1;0;14.083228361854736;0;0;0;[52.38960950609951, 0];68.81870048155601;0;69.97413803262592;0.9706581040633899
94;94;1;0;14.083228361854736;0;0;0;[52.9529386405737, 0];69.34363274479855;0;67.65553172124822;1.0231166719862093
95;95;1;0;14.083228361854736;0;0;0;[53.516267775047886, 0];69.86856500804109;0;70.7017434454745;-1.031696832973238
96;96;1;0;14.083228361854736;0;0;0;[54.079596909522074, 0];70.39349727128362;0;71.90112358161636;1.8201168370789451
97;97;1;0;14.083228361854736;0;0;0;[54.64292604399626, 0];70.91842953452615;0;72.82282847565651;-0.2633411469310701
98;98;1;0;14.083228361854736;0;0;0;[55.20625517847045, 0];71.44336179776869;0;72.86150500264706;0.49736643343560344
99;99;1;0;14.083228361854736;0;0;0;[55.76958431294464, 0];71.96829406101124;0;72.63887317049377;-0.8761262305555565
100;100;1;0;14.083228361854736;0;0;0;[56.332913447418825, 0];72.49322632425377;0;72.2777465510423;-0.769800017084663
101;101;1;0;14.083228361854736;0;0;0;[56.89624258189301, 0];73.01815858749632;0;72.8195936520723;0.966000310530639
102;102;1;0;14.083228361854736;0;0;0;[57.4595717163672, 0];73.54309085073885;0;74.40656051903139;0.22493063215952352
103;103;1;0;14.083228361854736;0;0;0;[58.02290085084139, 0];74.06802311398138;0;73.8494191106523;0.2809285094137372
104;104;1;0;14.083228361854736;0;0;0;[58.586229985315576, 0];74.59295537722392;0;73.86694631489512;-0.9330500657732645
105;105;1;0;14.083228361854736;0;0;0;[59.149559119789764, 0];75.11788764046646;0;75.99237402648924;0.45478365594549525
106;106;1;0;14.083228361854736;0;0;0;[59.71288825426395, 0];75.642819903709;0;76.72979391112057;0.5424905015862546
107;107;1;0;14.083228361854736;0;0;0;[60.27621738873814, 0];76.16775216695154;0;75.14661583845403;0.004183585748723969
108;108;1;0;14.083228361854736;0;0;0;[60.83954652321233, 0];76.69268443019408;0;76.19427975583336;0.8023304612622297
109;109;1;0;14.083228361854736;0;0;0;[61.402875657686515, 0];77.21761669343661;0;77.27263593180238;-0.3718266020931493
110;110;1;0;14.083228361854736;0;0;0;[61.9662047921607, 0];77.74254895667914;0;77.92563735581467;1.3409325328897088
111;111;1;0;14.083228361854736;0;0;0;[62.52953392663489, 0];78.26748121992168;0;79.08008227672485;-1.730772213741364
112;112;1;0;14.083228361854736;0;0;0;[63.09286306110908, 0];78.79241348316422;0;79.60853997665363;-0.09296732478367702
113;113;1;0;14.083228361854736;0;0;0;[63.656192195583266, 0];79.31734574640677;0;78.4604188554656;-0.14647888730936628
114;114;1;0;14.083228361854736;0;0;0;[64.21952133005746, 0];79.8422780096493;0;79.65684127668231;0.6054271322653341
115;115;1;0;14.083228361854736;0;0;0;[64.78285046453165, 0];80.36721027289184;0;81.34686790646855;-0.3584529665695112
116;116;1;0;14.083228361854736;0;0;0;[65.34617959900584, 0];80.89214253613437;0;79.10702064087849;1.1562112487058256
117;117;1;0;14.083228361854736;0;0;0;[65.90950873348002, 0];81.4170747993769;0;80.98847983777895;0.3190774952861639
118;118;1;0;14.083228361854736;0;0;0;[66.47283786795421, 0];81.94200706261945;0;83.17243236392972;0.9031167168576457
119;119;1;0;14.083228361854736;0;0;0;[67.0361670024284, 0];82.46693932586199;0;83.48654422340425;1.109840589286029
120;120;1;0;14.083228361854736;0;0;0;[67.59949613690259, 0];82.99187158910453;0;83.18754154126528;0.3319199040124827
121;121;1;0;14.083228361854736;0;0;0;[68.16282527137678, 0];83.51680385234707;0;82.55596604932754;-0.7225655686684986
122;122;1;0;14.083228361854736;0;0;0;[68.72615440585096, 0];84.0417361155896;0;84.10030118545146;0.02923265156915301
123;123;1;0;14.083228361854736;0;0;0;[69.28948354032515, 0];84.56666837883213;0;85.16465837883776;-0.6798600045604001
124;124;1;0;14.083228361854736;0;0;0;[69.85281267479934, 0];85.09160064207468;0;83.98091088993371;-1.096530207987962
125;125;1;0;14.083228361854736;0;0;0;[70.41614180927353, 0];85.61653290531721;0;84.57862806547881;0.8027890453845402
126;126;1;0;14.083228361854736;0;0;0;[70.97947094374771, 0];86.14146516855975;0;84.43926953315187;-0.21965854062559856
127;127;1;0;14.083228361854736;0;0;0;[71.5428000782219, 0];86.6663974318023;0;86.90356848764566;-0.6784861832663606
128;128;1;0;14.083228361854736;0;0;0;[72.10612921269609, 0];87.19132969504483;0;88.55320692295732;-0.686183616459469
129;129;1;0;14.083228361854736;0;0;0;[72.66945834717028, 0];87.71626195828736;0;87.84714197563204;-0.9749602715679666
130;130;1;0;14.083228361854736;0;0;0;[73.23278748164446, 0];88.24119422152991;0;89.7835915615943;0.6559276582465451
131;131;1;0;14.083228361854736;0;0;0;[73.79611661611865, 0];88.76612648477244;0;88.8182962116072;-0.20363713774755166
132;132;1;0;14.083228361854736;0;0;0;[74.35944575059284, 0];89.29105874801498;0;89.6206508691039;-0.5718295642481546
133;133;1;0;14.083228361854736;0;0;0;[74.92277488506703, 0];89.81599101125752;0;89.47084679659335;0.26532741274558735
134;134;1;0;14.083228361854736;0;0;0;[75.48610401954122, 0];90.34092327450006;0;90.39949740536127;0.32443801644754694
135;135;1;0;14.083228361854736;0;0;0;[76.0494331540154, 0];90.8658555377426;0;91.11847236126603;-0.036457056973179955
136;136;1;0;14.083228361854736;0;0;0;[76.61276228848959, 0];91.39078780098512;0;91.56485258464;1.8394059957659086
137;137;1;0;14.083228361854736;0;0;0;[77.17609142296378, 0];91.91572006422768;0;91.94927236220155;-0.8206712272323405
138;138;1;0;14.083228361854736;0;0;0;[77.73942055743797, 0];92.4406523274702;0;93.14008278104752;0.5605004688600502
139;139;1;0;14.083228361854736;0;0;0;[78.30274969191215, 0];92.96558459071274;0;94.47609752989977;0.37069096995556444
140;140;1;0;14.083228361854736;0;0;0;[78.86607882638634, 0];93.49051685395528;0;93.04018994143674;-0.8948367292112949
141;141;1;0;14.083228361854736;0;0;0;[79.42940796086053, 0];94.01544911719782;0;93.57909856133654;-0.10998704376652514
142;142;1;0;14.083228361854736;0;0;0;[79.99273709533472, 0];94.54038138044037;0;95.84107963230392;0.9826195705655804
143;143;1;0;14.083228361854736;0;0;0;[80.5560662298089, 0];95.0653136436829;0;95.95129681540335;-1.8920612798750605
144;144;1;0;14.083228361854736;0;0;0;[81.1193953642831, 0];95.59024590692545;0;96.2685825000577;0.8355630244820383
145;145;1;0;14.083228361854736;0;0;0;[81.68272449875728, 0];96.11517817016797;0;96.85153400487378;1.1913091199541423
146;146;1;0;14.083228361854736;0;0;0;[82.24605363323147, 0];96.64011043341053;0;94.9167078761418;-1.7892980360581001
147;147;1;0;14.083228361854736;0;0;0;[82.80938276770566, 0];97.16504269665305;0;98.62207393534233;0.8185464240323042
148;148;1;0;14.083228361854736;0;0;0;[83.37271190217984, 0];97.68997495989558;0;98.56744200128732;1.1664609737067482
149;149;1;0;14.083228361854736;0;0;0;[83.93604103665403, 0];98.21490722313813;0;97.57600128724079;-0.6384063123963892
150;150;1;0;14.083228361854736;0;0;0;[84.49937017112822, 0];98.73983948638066;0;97.73344632464962;1.4365177057904273
151;151;1;0;14.083228361854736;0;0;0;[85.06269930560241, 0];99.2647717496232;0;98.8040832430703;1.899108751455709
152;152;1;0;14.083228361854736;0;0;0;[85.6260284400766, 0];99.78970401286574;0;99.04059604940558;1.4480995087634885
153;153;1;0;14.083228361854736;0;0;0;[86.18935757455078, 0];100.31463627610827;0;99.85652644729804;0.5353579213261238
154;154;1;0;14.083228361854736;0;0;0;[86.75268670902497, 0];100.8395685393508;0;100.84517833191696;-0.10149337864411684
155;155;1;0;14.083228361854736;0;0;0;[87.31601584349916, 0];101.36450080259334;0;101.6678961966266;0.23173286147532235
156;156;1;0;14.083228361854736;0;0;0;[87.87934497797335, 0];101.88943306583587;0;101.29523538295005;-0.04898914541897796
157;157;1;0;14.083228361854736;0;0;0;[88.44267411244753, 0];102.41436532907842;0;103.43080961365706;0.27881067004896876
158;158;1;0;14.083228361854736;0;0;0;[89.00600324692172, 0];102.93929759232095;0;102.74419421824457;-0.35300181123281
159;159;1;0;14.083228361854736;0;0;0;[89.56933238139591, 0];103.4642298555635;0;101.43993060417695;0.7007697239159084
160;160;1;0;14.083228361854736;0;0;0;[90.1326615158701, 0];103.98916211880604;0;104.98418181360611;0.8251960703035432
161;161;1;0;14.083228361854736;0;0;0;[90.69599065034429, 0];104.51409438204855;0;102.8661472291525;0.544646387493143
162;162;1;0;14.083228361854736;0;0;0;[91.25931978481847, 0];105.03902664529112;0;104.74706676568594;-0.24031465412427347
163;163;1;0;14.083228361854736;0;0;0;[91.82264891929266, 0];105.56395890853364;0;105.08967891058062;-0.22285656879937493
164;164;1;0;14.083228361854736;0;0;0;[92.38597805376685, 0];106.08889117177618;0;106.9698230024705;0.6680720534281256
165;165;1;0;14.083228361854736;0;0;0;[92.94930718824104, 0];106.61382343501872;0;108.65250417775981;-0.9187930787020399
166;166;1;0;14.083228361854736;0;0;0;[93.51263632271522, 0];107.13875569826126;0;106.94108554080194;-0.06261896379456482
167;167;1;0;14.083228361854736;0;0;0;[94.07596545718941, 0];107.6636879615038;0;107.27625583998136;0.3346115992542791
168;168;1;0;14.083228361854736;0;0;0;[94.6392945916636, 0];108.18862022474632;0;108.36603420599192;-0.014428698037699892
169;169;1;0;14.083228361854736;0;0;0;[95.20262372613779, 0];108.71355248798888;0;107.17553142000041;-0.9312236908071813
170;170;1;0;14.083228361854736;0;0;0;[95.76595286061197, 0];109.2384847512314;0;110.00759286176496;-0.14104518443333397
171;171;1;0;14.083228361854736;0;0;0;[96.32928199508616, 0];109.76341701447394;0;109.99944304206265;-0.17797606130735344
172;172;1;0;14.083228361854736;0;0;0;[96.89261112956035, 0];110.28834927771648;0;110.42238244749633;-1.4948040003449938
173;173;1;0;14.083228361854736;0;0;0;[97.45594026403454, 0];110.81328154095904;0;108.74469822526501;-0.8491395586972512
174;174;1;0;14.083228361854736;0;0;0;[98.01926939850873, 0];111.33821380420156;0;110.89578749823349;-0.6012837896223052
175;175;1;0;14.083228361854736;0;0;0;[98.58259853298291, 0];111.8631460674441;0;111.56883577927597;-1.147261441462308
176;176;1;0;14.083228361854736;0;0;0;[99.1459276674571, 0];112.38807833068664;0;113.13231848017907;-1.0493052325810994
177;177;1;0;14.083228361854736;0;0;0;[99.70925680193129, 0];112.91301059392916;0;113.44317699505369;0.9051019141933526
178;178;1;0;14.083228361854736;0;0;0;[100.27258593640548, 0];113.43794285717172;0;113.51762475617538;-0.8528327826043867
179;179;1;0;14.083228361854736;0;0;0;[100.83591507087966, 0];113.96287512041424;0;114.83043250131139;-0.8717535323392869
180;180;1;0;14.083228361854736;0;0;0;[101.39924420535385, 0];114.4878073836568;0;114.60857328851034;-0.8167239206133244
181;181;1;0;14.083228361854736;0;0;0;[101.96257333982804, 0];115.01273964689932;0;115.44912333958139;2.2011229339894958
182;182;1;0;14.083228361854736;0;0;0;[102.52590247430223, 0];115.53767191014188;0;115.93338437652099;0.5912480305642134
183;183;1;0;14.083228361854736;0;0;0;[103.08923160877642, 0];116.0626041733844;0;116.5237814890693;0.7781169176646048
184;184;1;0;14.083228361854736;0;0;0;[103.6525607432506, 0];116.58753643662696;0;117.22297853986277;-0.888476782902067
185;185;1;0;14.083228361854736;0;0;0;[104.21588987772479, 0];117.11246869986948;0;116.47528873465845;-1.38193854572274
186;186;1;0;14.083228361854736;0;0;0;[104.77921901219898, 0];117.637400963112;0;117.33174767234503;-1.1633492180314406
187;187;1;0;14.083228361854736;0;0;0;[105.34254814667317, 0];118.16233322635456;0;118.62748013806038;1.2937792856168282
188;188;1;0;14.083228361854736;0;0;0;[105.90587728114735, 0];118.6872654895971;0;118.56260259889385;0.37121323704628606
189;189;1;0;14.083228361854736;0;0;0;[106.46920641562154, 0];119.21219775283964;0;120.39480753901276;0.12896526558682733
190;190;1;0;14.083228361854736;0;0;0;[107.03253555009573, 0];119.73713001608216;0;119.66577982405178;1.7088830424196928
191;191;1;0;14.083228361854736;0;0;0;[107.59586468456992, 0];120.26206227932472;0;120.74321413358494;-0.12126674974115409
192;192;1;0;14.083228361854736;0;0;0;[108.1591938190441, 0];120.78699454256724;0;120.82337393777075;2.0375425076711067
193;193;1;0;14.083228361854736;0;0;0;[108.7225229535183, 0];121.31192680580978;0;120.91030990488495;0.24148572696896178
194;194;1;0;14.083228361854736;0;0;0;[109.28585208799248, 0];121.83685906905232;0;121.56939576473418;0.5944365295493926
195;195;1;0;14.083228361854736;0;0;0;[109.84918122246667, 0];122.36179133229486;0;122.70111980587622;0.6591821093416934
196;196;1;0;14.083228361854736;0;0;0;[110.41251035694086, 0];122.8867235955374;0;123.45103105934409;1.2509438276682485
197;197;1;0;14.083228361854736;0;0;0;[110.97583949141504, 0];123.41165585877994;0;122.42650920618797;0.8774040373800644
198;198;1;0;14.083228361854736;0;0;0;[111.53916862588923, 0];123.93658812202248;0;124.47335245589922;0.07649769385680039
199;199;1;0;14.083228361854736;0;0;0;[112.10249776036342, 0];124.461520385265;0;125.26663766403792;1.6224048350767368
